Kecamatan	Kota	Provinsi
Mapanget	Manado	Sulawesi Utara
Sukmajaya	Depok	Jawa Barat
Jiwan	Madiun	Jawa Timur
Sawahan	Surabaya	Jawa Timur
Sukajadi	Bandung	Jawa Barat
Natar	Natar	Lampung
Indihiang	Tasikmalaya	Jawa Barat
Tulis	Batang	Jawa Tengah
Ujungberung	Bandung	Jawa Barat
Cempaka Putih	Jakarta Pusat	DKI Jakarta
Cibinong	Bogor	Jawa Barat
Curug	Tangerang	Banten
Cipayung	Jakarta Timur	DKI Jakarta
Denpasar Selatan	Denpasar	Bali
Tanah Abang	Jakarta Pusat	DKI Jakarta
Mimika baru	Mimika	Papua
Jeruklegi	Cilacap	Jawa Tengah
Krembung	Sidoarjo	Jawa Timur
Mertoyudan	Magelang	Jawa Tengah
Kramat	Nganjuk	Jawa Timur
Penjaringan	Jakarta Utara	DKI Jakarta
Sungai Raya	Kubu Raya	Kalimantan Barat